category,name,url
Instituciones-UPF,Universidad Nacional Autónoma de México (UNAM),http://www.unam.mx/
Instituciones-UPF,Instituto Politécnico Nacional (IPN),http://www.ipn.mx/
Instituciones-UPF,Universidad Autónoma Metropolitana (UAM),http://www.uam.mx/
Instituciones-UPF,Universidad Autónoma Agraria Antonio Narro (UAAAN),http://www.uaaan.mx/
Instituciones-UPF,Universidad Autónoma de Chapingo (UACh),http://www.chapingo.mx/
Instituciones-UPF,Universidad Abierta y a Distancia de México (UnADM),http://www.unadmexico.mx/
Instituciones-UPF,Universidad Pedagógica Nacional (UPN),http://www.upn.mx/
Instituciones-UPF,El Colegio de México (COLMEX),https://www.colmex.mx/
Instituciones-UPF,"Centro de Investigación y Docencia Económicas, A.C. (CIDE)",http://www.cide.mx/
Instituciones-UPF,Plataforma Nacional de Transparencia,https://consultapublicamx.inai.org.mx/vut-web/
Instituciones-UPE,Universidad Autónoma de Aguascalientes,https://www.uaa.mx/portal/
Instituciones-UPE,Universidad Autónoma de Baja California,http://www.uabc.mx/
Instituciones-UPE,Universidad Autónoma de Baja California Sur,https://www.uabcs.mx/
Instituciones-UPE,Universidad Autónoma de Campeche,https://www.uacam.mx/
Instituciones-UPE,Universidad Autónoma del Carmen,http://www.unacar.mx/#2
Instituciones-UPE,Universidad Autónoma de Coahuila,http://www.uadec.mx/
Instituciones-UPE,Universidad de Colima,https://www.ucol.mx/
Instituciones-UPE,Universidad Autónoma de Chiapas,https://www.unach.mx/
Instituciones-UPE,Universidad Autónoma de Chihuahua,https://uach.mx/
Instituciones-UPE,Universidad Autónoma de Ciudad Juárez,http://www.uacj.mx/
Instituciones-UPE,Universidad Juárez del Estado de Durango,https://www.ujed.mx/
Instituciones-UPE,Universidad de Guanajuato,http://www.ugto.mx/
Instituciones-UPE,Universidad Autónoma de Guerrero,https://www.uagro.mx/
Instituciones-UPE,Universidad Autónoma del Estado de Hidalgo,https://www.uaeh.edu.mx/
Instituciones-UPE,Universidad de Guadalajara,http://www.udg.mx/
Instituciones-UPE,Universidad Autónoma del Estado de México,https://www.uaemex.mx/
Instituciones-UPE,Universidad de Michoacana de San Nicolás Hidalgo,https://www.umich.mx/
Instituciones-UPE,Universidad Autónoma del Estado de Morelos,https://www.uaem.mx/
Instituciones-UPE,Universidad Autónoma de Nayarit,http://www.uan.edu.mx/
Instituciones-UPE,Universidad Autónoma de Nuevo León,https://www.uanl.mx/
Instituciones-UPE,"Universidad Autónoma ""Benito Juárez"" de Oaxaca",http://www.uabjo.mx/
Instituciones-UPE,Benemérita Universidad Autónoma de Puebla,https://www.buap.mx/
Instituciones-UPE,Universidad Autónoma de Querétaro,https://www.uaq.mx/
Instituciones-UPE,Universidad Autónoma del Estado de Quintana Roo,http://www.uqroo.mx/
Instituciones-UPE,Universidad Autónoma de San Luis Potosí,http://www.uaslp.mx/
Instituciones-UPE,Universidad Autónoma de Sinaloa,http://www.uas.edu.mx/
Instituciones-UPE,Universidad Autónoma de Occidente,https://uadeo.mx/
Instituciones-UPE,Universidad de Sonora,https://www.unison.mx/
Instituciones-UPE,Instituto Tecnológico de Sonora,https://www.itson.mx/Paginas/index.aspx
Instituciones-UPE,Universidad Juárez Autónoma de Tabasco,http://www.ujat.mx/
Instituciones-UPE,Universidad Autónoma de Tamaulipas,https://www.uat.edu.mx/
Instituciones-UPE,Universidad Autónoma de Tlaxcala,https://www.uatx.mx/
Instituciones-UPE,Universidad Veracruzana,https://www.uv.mx/
Instituciones-UPE,Universidad Autónoma de Yucatán,http://www.uady.mx/
Instituciones-UPE,"Universidad Autónoma de Zacatecas ""Francisco García Salinas""",https://www.uaz.edu.mx/
Instituciones-UPE,Plataforma Nacional de Transparencia,https://consultapublicamx.inai.org.mx/vut-web/
Instituciones-UPEAS,Instituto Campechano,http://instcamp.edu.mx/
Instituciones-UPEAS,Universidad de Ciencias y Artes de Chiapas,https://www.unicach.mx/
Instituciones-UPEAS,El Colegio de Chihuahua,http://www.colech.edu.mx/
Instituciones-UPEAS,Universidad Estatal del Valle de Ecatepec,https://www.uneve.edu.mx/
Instituciones-UPEAS,Universidad de la Ciénega de Michoacán de Ocampo,https://ucemich.edu.mx/
Instituciones-UPEAS,El Colegio de Morelos,https://elcolegiodemorelos.edu.mx/
Instituciones-UPEAS,Universidad del Mar,http://www.umar.mx/
Instituciones-UPEAS,Universidad Tecnológica de la Mixteca,http://www.utm.mx/
Instituciones-UPEAS,Universidad del Istmo,http://www.unistmo.edu.mx/
Instituciones-UPEAS,Universidad de la Sierra Sur,http://www.unsis.edu.mx/
Instituciones-UPEAS,Universidad del Papaloapan,https://www.unpa.edu.mx/
Instituciones-UPEAS,Universidad de la Cañada,https://www.unca.edu.mx/
Instituciones-UPEAS,Universidad de la Sierra Juárez,http://www.unsij.edu.mx/
Instituciones-UPEAS,Universidad Interserrana del Estado de Puebla-Ahuacatlán,http://www.uiepa.edu.mx/
Instituciones-UPEAS,Universidad Interserrana del Estado de Puebla-Chilchotla,http://uich.edu.mx/
Instituciones-UPEAS,Universidad del Caribe,https://www.unicaribe.mx/
Instituciones-UPEAS,Universidad Estatal de Sonora,https://www.ues.mx/
Instituciones-UPEAS,Universidad de la Sierra,http://www.unisierra.edu.mx/
Instituciones-UPEAS,El Colegio de Sonora,https://www.colson.edu.mx/
Instituciones-UPEAS,Universidad Popular de la Chontalpa,https://upch.mx/
Instituciones-UPEAS,Universidad de Oriente,http://www.uno.edu.mx/
Instituciones-UPEAS,Plataforma Nacional de Transparencia,https://consultapublicamx.inai.org.mx/vut-web/
Instituciones-UI,Universidad Intercultural de Baja California,https://uibc.edu.mx/
Instituciones-UI,Universidad Intercultural de Campeche,https://uicam.edu.mx/
Instituciones-UI,Universidad Intercultural de Chiapas,https://www.unich.edu.mx/
Instituciones-UI,Universidad Intercultural de Colima,https://uicolima.edu.mx/
Instituciones-UI,Universidad Intercultural del Estado de Guanajuato,https://uigto.edu.mx/
Instituciones-UI,Universidad Intercultural del Estado de Guerrero,https://uiegedu.com/
Instituciones-UI,Universidad Intercultural del Estado de Hidalgo,http://www.uiceh.edu.mx/
Instituciones-UI,Universidad Intercultural Indígena de Michoacán,http://www.uiim.edu.mx/
Instituciones-UI,Universidad Intercultural del Estado de Puebla,https://www.uiep.edu.mx/
Instituciones-UI,Universidad Intercultural Maya de Quintana Roo,http://www.uimqroo.edu.mx/
Instituciones-UI,Universidad Intercultural de San Luis Potosí,http://www.uicslp.edu.mx/
Instituciones-UI,Universidad Intercultural de Tlaxcala,https://uit.edu.mx/
Instituciones-UI,Universidad Autónoma Indígena de México,http://uais.edu.mx/portal/
Instituciones-UI,Universidad Intercultural del Estado de Tabasco,http://www.uiet.edu.mx/
Instituciones-UI,Universidad del Pueblo Yaqui,https://uniyaqui.sonora.edu.mx/
Instituciones-UI,Universidad Intercultural de Jalisco,https://www.uij.edu.mx/
Instituciones-UI,Plataforma Nacional de Transparencia,https://consultapublicamx.inai.org.mx/vut-web/
Instituciones-UPs,Universidad Politécnica de Aguascalientes,http://www.upa.edu.mx/
Instituciones-UPs,Universidad Politécnica de Baja California,http://www.upbc.edu.mx/
Instituciones-UPs,Universidad Politécnica de Chiapas,http://www.upchiapas.edu.mx/
Instituciones-UPs,Universidad Politécnica de Tapachula,http://www.uptapachula.edu.mx/
Instituciones-UPs,Universidad Politécnica de Chihuahua,http://www.upchihuahua.edu.mx/
Instituciones-UPs,Universidad Politécnica de Piedras Negras,https://uppn.edu.mx/
Instituciones-UPs,Universidad Politécnica de Ramos Arizpe,http://upra.mx/
Instituciones-UPs,Universidad Politécnica Cuencamé,http://www.upcuencame.edu.mx/portal/
Instituciones-UPs,Universidad Politécnica de Durango,http://www.unipolidgo.edu.mx/
Instituciones-UPs,Universidad Politécnica de Gómez Palacio,http://www.upgop.edu.mx/
Instituciones-UPs,Universidad Politécnica del Valle de México,http://www.upvm.edu.mx/
Instituciones-UPs,Universidad Politécnica de Guanajuato,https://upgto.edu.mx/
Instituciones-UPs,Universidad Politécnica Juventino Rosas,http://www.upjr.edu.mx/
Instituciones-UPs,Universidad Politécnica de Pénjamo,http://www.uppenjamo.edu.mx/
Instituciones-UPs,Universidad Politécnica del Bicentenario,https://upbicentenario.edu.mx/
Instituciones-UPs,Universidad Politécnica del Estado de Guerrero,http://www.upeg.edu.mx/
Instituciones-UPs,Universidad Politécnica de Francisco I. Madero,http://www.upfim.edu.mx/
Instituciones-UPs,Universidad Politécnica de Huejutla,http://www.uphuejutla.edu.mx/
Instituciones-UPs,Universidad Politécnica Metropolitana de Hidalgo,http://www.upmetropolitana.edu.mx/
Instituciones-UPs,Universidad Politécnica de Pachuca,http://www.upp.edu.mx/
Instituciones-UPs,Universidad Politécnica de Tulancingo,http://www.upt.edu.mx/
Instituciones-UPs,Universidad Politécnica de la Zona Metropolitana de Guadalajara,http://www.upzmg.edu.mx/
Instituciones-UPs,Universidad Politécnica de Lázaro Cárdenas,http://www.uplc.edu.mx/
Instituciones-UPs,Universidad Politécnica de Uruapan,https://upu.edu.mx/
Instituciones-UPs,Universidad Politécnica del Estado Morelos,https://www.upemor.edu.mx/
Instituciones-UPs,Universidad Politécnica de Apodaca,https://www.upapnl.edu.mx/
Instituciones-UPs,Universidad Politécnica de Amozoc,http://www.upamozoc.edu.mx/
Instituciones-UPs,Universidad Politécnica Metropolitana de Puebla,http://www.metropoli.edu.mx/
Instituciones-UPs,Universidad Politécnica de Puebla,http://www.uppuebla.edu.mx/
Instituciones-UPs,Universidad Politécnica de Querétaro,http://www.upq.mx/
Instituciones-UPs,Universidad Politécnica de Santa Rosa Jáuregui,http://www.upsrj.edu.mx/
Instituciones-UPs,Universidad Politécnica de Bacalar,http://www.upb.edu.mx/
Instituciones-UPs,Universidad Politécnica de Quintana Roo,http://www.upqroo.edu.mx/
Instituciones-UPs,Universidad Politécnica de San Luis Potosí,http://www.upslp.edu.mx/upslp/
Instituciones-UPs,Universidad Politécnica del Mar y la Sierra,http://www.upmys.edu.mx/
Instituciones-UPs,Universidad Politécnica de Sinaloa,http://www.upsin.edu.mx/
Instituciones-UPs,Universidad Politécnica del Valle de Évora,http://www.upve.edu.mx/
Instituciones-UPs,Universidad Politécnica del Centro,http://www.updelgolfo.mx/upgm/
Instituciones-UPs,Universidad Politécnica del Golfo de México,http://www.updelgolfo.mx/upgm/
Instituciones-UPs,Universidad Politécnica Mesoamericana,http://www.upm.edu.mx/
Instituciones-UPs,Universidad Politécnica de Altamira,http://www.upalt.edu.mx/
Instituciones-UPs,Universidad Politécnica de la Región Ribereña,http://www.uprr.edu.mx/
Instituciones-UPs,Universidad Politécnica de Victoria,http://www.upvictoria.edu.mx/
Instituciones-UPs,Universidad Politécnica de Tlaxcala Región Poniente,https://uptrepregionponiente.edu.mx/
Instituciones-UPs,Universidad Politécnica de Tlaxcala,http://www.uptlax.edu.mx/
Instituciones-UPs,Universidad Politécnica de Huatusco,http://www.uphuatusco.edu.mx/
Instituciones-UPs,Universidad Politécnica del Sur de Zacatecas,http://www.upsz.edu.mx/
Instituciones-UPs,Universidad Politécnica de Zacatecas,http://www.upz.edu.mx/
Instituciones-UPs,Plataforma Nacional de Transparencia,https://consultapublicamx.inai.org.mx/vut-web/
Instituciones-UT,"Universidad Tecnológica ""Emiliano Zapata"" del Estado de Morelos",http://www.utez.edu.mx/
Instituciones-UT,Universidad Tecnológica de Acapulco,http://www.utacapulco.edu.mx/
Instituciones-UT,Universidad Tecnológica de Aguascalientes,http://www.utags.edu.mx/
Instituciones-UT,Universidad Tecnológica de Altamira,http://www.utaltamira.edu.mx/
Instituciones-UT,Universidad Tecnológica Paso del Norte,https://www.utpn.edu.mx/
Instituciones-UT,Universidad Tecnológica de Bahía de Banderas,http://www.utbb.edu.mx/
Instituciones-UT,Universidad Tecnológica de Cadereyta,http://www.utcadereyta.edu.mx/
Instituciones-UT,Universidad Tecnológica de Calvillo,http://www.utcalvillo.edu.mx/
Instituciones-UT,Universidad Tecnológica de Camargo,http://www.utcamargo.edu.mx/
Instituciones-UT,Universidad Tecnológica de Campeche,http://www.utcam.edu.mx/
Instituciones-UT,Universidad Tecnológica de Cancún,http://www.utcancun.edu.mx/
Instituciones-UT,Universidad Tecnológica de Candelaria,http://utecan.edu.mx/
Instituciones-UT,Universidad Tecnológica de Chetumal,http://www.utchetumal.edu.mx/
Instituciones-UT,Universidad Tecnológica de Chihuahua,http://www.utch.edu.mx/
Instituciones-UT,Universidad Tecnológica de Ciudad Juárez,http://www.utcj.edu.mx/
Instituciones-UT,Universidad Tecnológica de Coahuila,http://www.utc.edu.mx/
Instituciones-UT,Universidad Tecnológica de Corregidora,http://captacion.utcorregidora.edu.mx/
Instituciones-UT,Universidad Tecnológica de Culiacán,http://utculiacan.edu.mx/
Instituciones-UT,Universidad Tecnológica de Durango,http://www.utd.edu.mx/
Instituciones-UT,Universidad Tecnológica de Escuinapa,http://utescuinapa.edu.mx/
Instituciones-UT,Universidad Tecnológica de Guaymas,http://www.utguaymas.edu.mx/utg/
Instituciones-UT,"Universidad Tecnológica de Gutiérrez Zamora, Veracruz",https://utgz.edu.mx/
Instituciones-UT,"Universidad Tecnológica de Hermosillo, Sonora",http://www.uthermosillo.edu.mx/
Instituciones-UT,Universidad Tecnológica de Huejotzingo,http://www.uth.edu.mx/
Instituciones-UT,Universidad Tecnológica de Izúcar de Matamoros,http://www.utim.edu.mx/
Instituciones-UT,Universidad Tecnológica de Jalisco,http://www.utj.edu.mx/
Instituciones-UT,Universidad Tecnológica de la Babícora,http://www.utb.edu.mx/
Instituciones-UT,Universidad Tecnológica de la Costa,http://www.utdelacosta.edu.mx/
Instituciones-UT,Universidad Tecnológica de la Costa Grande de Guerrero,http://www.utcgg.edu.mx/
Instituciones-UT,Universidad Tecnológica de La Huasteca Hidalguense,http://www.uthh.edu.mx/
Instituciones-UT,Universidad Tecnológica de La Laguna,http://www.itlalaguna.edu.mx/
Instituciones-UT,Universidad Tecnológica de La Laguna Durango,https://www.utlagunadurango.edu.mx/
Instituciones-UT,Universidad Tecnológica de La Paz,http://www.utlp.edu.mx/
Instituciones-UT,Universidad Tecnológica de la Región Carbonífera Coahuila,http://www.utrc.edu.mx/
Instituciones-UT,Universidad Tecnológica de la Región Centro de Coahuila,http://www.utrcc.edu.mx/
Instituciones-UT,Universidad Tecnológica de la Región Norte de Guerrero,http://utrng.edu.mx/
Instituciones-UT,Universidad Tecnológica de La Riviera Maya,http://www.utrivieramaya.edu.mx/
Instituciones-UT,Universidad Tecnológica de la Selva,http://www.laselva.edu.mx/
Instituciones-UT,Universidad Tecnológica de la Sierra,http://utdelasierra.edu.mx/
Instituciones-UT,Universidad Tecnológica de la Sierra Hidalguense,http://www.utsh.edu.mx/
Instituciones-UT,Universidad Tecnológica de la Sierra Sur de Oaxaca,http://utsso.wordpress.com/
Instituciones-UT,Universidad Tecnológica de la Tarahumara,http://uttguachochi.blogspot.mx/
Instituciones-UT,Universidad Tecnológica de La Zona Metropolitana de Guadalajara,http://utzmg.edu.mx/home/
Instituciones-UT,Universidad Tecnológica de la Zona Metropolitana del Valle de México,https://utvam.edu.mx/
Instituciones-UT,Universidad Tecnológica de León,http://www.utleon.edu.mx/
Instituciones-UT,Universidad Tecnológica de los Valles Centrales de Oaxaca,http://www.utvco.edu.mx/
Instituciones-UT,Universidad Tecnológica de Manzanillo,http://www.utmanzanillo.edu.mx/
Instituciones-UT,Universidad Tecnológica de Matamoros,http://www.utmatamoros.edu.mx/
Instituciones-UT,Universidad Tecnológica de Morelia,https://ut-morelia.edu.mx/
Instituciones-UT,Universidad Tecnológica de Nayarit,http://www.utnay.edu.mx/
Instituciones-UT,Universidad Tecnológica de Nezahualcóyotl,http://www.utn.edu.mx/
Instituciones-UT,"Universidad Tecnológica de Nogales, Sonora",http://www.utnogales.edu.mx/
Instituciones-UT,Universidad Tecnológica de Nuevo Laredo,http://www.utnuevolaredo.edu.mx/
Instituciones-UT,Universidad Tecnológica de Oriental,https://utdeoriental.edu.mx/
Instituciones-UT,Universidad Tecnológica de Paquimé,http://utpaquime.edu.mx/
Instituciones-UT,Universidad Tecnológica de Parral,http://www.utparral.edu.mx/
Instituciones-UT,Universidad Tecnológica de Poanas,http://utpdgo.blogspot.mx/
Instituciones-UT,Universidad Tecnológica de Puebla,http://www.utpuebla.edu.mx/
Instituciones-UT,Universidad Tecnológica de Puerto Peñasco,http://utpp.edu.mx/
Instituciones-UT,Universidad Tecnológica de Querétaro,http://www.uteq.edu.mx/
Instituciones-UT,Universidad Tecnológica de Rodeo,http://utrodeo.edu.mx/
Instituciones-UT,Universidad Tecnológica de Salamanca,http://www.utsalamanca.edu.mx/
Instituciones-UT,"Universidad Tecnológica de San Juan del Río, Querétaro",http://www.utsjr.edu.mx/
Instituciones-UT,Universidad Tecnológica de San Luis Potosí,http://www.utslp.edu.mx/
Instituciones-UT,Universidad Tecnológica de San Luis Río Colorado,http://www.utslrc.edu.mx/
Instituciones-UT,Universidad Tecnológica de San Miguel de Allende,http://www.utsma.edu.mx/
Instituciones-UT,Universidad Tecnológica de Santa Catarina,http://www.utsc.edu.mx/
Instituciones-UT,Universidad Tecnológica de Tabasco,http://www.uttab.edu.mx/
Instituciones-UT,Universidad Tecnológica de Tamaulipas Norte,http://www.uttn.edu.mx/
Instituciones-UT,Universidad Tecnológica de Tecamachalco,https://uttecam.edu.mx/
Instituciones-UT,Universidad Tecnológica de Tecámac,http://www.uttecamac.edu.mx/
Instituciones-UT,Universidad Tecnológica de Tehuacán,http://www.uttehuacan.edu.mx/
Instituciones-UT,Universidad Tecnológica de Tijuana,http://www.uttijuana.edu.mx/
Instituciones-UT,Universidad Tecnológica de Tlaxcala,http://www.uttlaxcala.edu.mx/
Instituciones-UT,Universidad Tecnológica de Torreón,http://www.utt.edu.mx/
Instituciones-UT,Universidad Tecnológica de Tula-Tepeji,http://www.uttt.edu.mx/
Instituciones-UT,Universidad Tecnológica de Tulancingo,https://www.utectulancingo.edu.mx/
Instituciones-UT,Universidad Tecnológica de Xicotepec de Juárez,https://utxicotepec.edu.mx/
Instituciones-UT,Universidad Tecnológica del Centro,http://www.utcentro.edu.mx/
Instituciones-UT,Universidad Tecnológica del Centro de Veracruz,http://www.utcv.edu.mx/
Instituciones-UT,Universidad Tecnológica del Estado de Zacatecas,http://www.utzac.edu.mx/
Instituciones-UT,Universidad Tecnológica del Mar de Tamaulipas Bicentenario,http://www.utmart.edu.mx/
Instituciones-UT,Universidad Tecnológica del Mayab,http://www.utdelmayab.edu.mx/
Instituciones-UT,Universidad Tecnológica del Norte de Aguascalientes,http://www.utna.edu.mx/
Instituciones-UT,Universidad Tecnológica del Norte de Coahuila,https://www.utnc.edu.mx/
Instituciones-UT,Universidad Tecnológica del Norte de Guanajuato,http://www.utng.edu.mx/
Instituciones-UT,Universidad Tecnológica del Poniente,http://www.utponiente.edu.mx/
Instituciones-UT,Universidad Tecnológica del Sur del Estado de Morelos,http://www.utsem-morelos.edu.mx/
Instituciones-UT,Universidad Tecnológica del Sur del Estado de México,http://www.utsem.edu.mx/
Instituciones-UT,Universidad Tecnológica del Sureste de Veracruz,http://www.utsv.com.mx/
Instituciones-UT,Universidad Tecnológica del Suroeste de Guanajuato,http://www.utsoe.edu.mx/
Instituciones-UT,Universidad Tecnológica del Usumacinta,http://www.utusumacinta.edu.mx/
Instituciones-UT,Universidad Tecnológica del Valle de Toluca,http://utvtol.org.mx/
Instituciones-UT,Universidad Tecnológica del Valle del Mezquital,http://www.utvm.edu.mx/
Instituciones-UT,Universidad Tecnológica El Retoño,https://utr.edu.mx/
Instituciones-UT,Universidad Tecnológica Gral. Mariano Escobedo,http://www.ute.edu.mx/
Instituciones-UT,Universidad Tecnológica Linares,http://www.utl.edu.mx/
Instituciones-UT,Universidad Tecnológica Metropolitana,http://www.utmetropolitana.edu.mx/
Instituciones-UT,Universidad Tecnológica Regional del Sur,http://www.utregionaldelsur.edu.mx/
Instituciones-UT,Plataforma Nacional de Transparencia,https://consultapublicamx.inai.org.mx/vut-web/
Instituciones-IT,Centro Nacional de Investigación y Desarrollo Tecnológico,http://www.cenidet.edu.mx/
Instituciones-IT,Centro Interdisciplinario de Investigación y Docencia en Educación Técnica,http://www.ciidet.edu.mx/
Instituciones-IT,Centro Regional de Optimización y Desarrollo de Equipo Celaya,http://www.crodecelaya.edu.mx/
Instituciones-IT,Centro Regional de Optimización y Desarrollo de Equipo Chihuahua,http://www.crodechihuahua.edu.mx/
Instituciones-IT,Centro Regional de Optimización y Desarrollo de Equipo Mérida,https://crodemerida.tecnm.mx/
Instituciones-IT,Centro Regional de Optimización y Desarrollo de Equipo Orizaba,http://www.crodeorizaba.edu.mx/
Instituciones-IT,Instituto Tecnológico de Acapulco,http://www.it-acapulco.edu.mx/
Instituciones-IT,Instituto Tecnológico de Agua Prieta,http://www.itap.edu.mx/
Instituciones-IT,Instituto Tecnológico de Aguascalientes,http://www.ita.mx/
Instituciones-IT,Instituto Tecnológico de Altamira,https://www.altamira.tecnm.mx/
Instituciones-IT,Instituto Tecnológico de Altiplano de Tlaxcala,http://altiplano.tecnm.mx/
Instituciones-IT,Instituto Tecnológico de Álvaro Obregón,http://www.itao.edu.mx/
Instituciones-IT,Instituto Tecnológico de Apizaco,http://www.itapizaco.edu.mx/
Instituciones-IT,Instituto Tecnológico de Atitalaquia,http://www.itatitalaquia.edu.mx/
Instituciones-IT,Instituto Tecnológico de Bahía de Banderas,http://www.itbahiadebanderas.edu.mx/
Instituciones-IT,Instituto Tecnológico de Boca del Rio,https://bdelrio.tecnm.mx/
Instituciones-IT,Instituto Tecnológico de Campeche,http://www.itcampeche.edu.mx/
Instituciones-IT,Instituto Tecnológico de Cancún,http://www.itcancun.edu.mx/
Instituciones-IT,Instituto Tecnológico de Celaya,http://www.itc.mx/
Instituciones-IT,Instituto Tecnológico de Cerro Azul,http://www.itcerroazul.edu.mx/
Instituciones-IT,Instituto Tecnológico de Chetumal,http://www.itchetumal.edu.mx/
Instituciones-IT,Instituto Tecnológico de Chihuahua,https://itchihuahua.mx/
Instituciones-IT,Instituto Tecnológico de Chihuahua II,https://chihuahua2.tecnm.mx/
Instituciones-IT,Instituto Tecnológico de Chilpancingo,https://chilpancingo.tecnm.mx/
Instituciones-IT,Instituto Tecnológico de China,http://www.itchina.edu.mx/
Instituciones-IT,Instituto Tecnológico de Ciudad Altamirano,http://www.italtamirano.edu.mx/
Instituciones-IT,Instituto Tecnológico de Ciudad Cuauhtémoc,https://www.cdcuauhtemoc.tecnm.mx/
Instituciones-IT,Instituto Tecnológico de Ciudad Guzmán,https://www.cdguzman.tecnm.mx/
Instituciones-IT,Instituto Tecnológico de Ciudad Jiménez,http://www.cdjimenez.tecnm.mx/index.html
Instituciones-IT,Instituto Tecnológico de Ciudad Juárez,http://cdjuarez.tecnm.mx/
Instituciones-IT,Instituto Tecnológico de Ciudad Madero,https://www.cdmadero.tecnm.mx/
Instituciones-IT,Instituto Tecnológico de Ciudad Valles,http://www.tecvalles.mx/web/
Instituciones-IT,Instituto Tecnológico de Ciudad Victoria,http://www.itvictoria.edu.mx/
Instituciones-IT,Instituto Tecnológico de Colima,http://www.itcolima.edu.mx/
Instituciones-IT,Instituto Tecnológico de Comitán,http://www.itcomitan.edu.mx/
Instituciones-IT,Instituto Tecnológico de Comitancillo,https://comitancillo-tecnm.mx/
Instituciones-IT,Instituto Tecnológico de Conkal,https://conkal.tecnm.mx/index.php/es/
Instituciones-IT,Instituto Tecnológico de Costa Grande,https://www.costagrande.tecnm.mx/
Instituciones-IT,Instituto Tecnológico de Cuautla,https://www.cuautla.tecnm.mx/
Instituciones-IT,Instituto Tecnológico de Culiacán,http://www.itculiacan.edu.mx/
Instituciones-IT,Instituto Tecnológico de Durango,http://www.itdurango.edu.mx/
Instituciones-IT,Instituto Tecnológico de El Llano Aguascalientes,http://www.itllano.edu.mx/
Instituciones-IT,Instituto Tecnológico de El Salto,http://www.itelsalto.edu.mx/
Instituciones-IT,Instituto Tecnológico de Ensenada,https://www.ensenada.tecnm.mx/
Instituciones-IT,Instituto Tecnológico de Frontera Comalapa,https://fcomalapa.tecnm.mx/
Instituciones-IT,Instituto Tecnológico de Guaymas,https://itguaymas.edu.mx/
Instituciones-IT,Instituto Tecnológico de Gustavo A. Madero,https://www.gamadero.tecnm.mx/
Instituciones-IT,Instituto Tecnológico de Gustavo A. Madero II,https://www.gamadero2.tecnm.mx/
Instituciones-IT,Instituto Tecnológico de Hermosillo,http://www.ith.mx/
Instituciones-IT,Instituto Tecnológico de Huatabampo,http://www.ithua.edu.mx/
Instituciones-IT,Instituto Tecnológico de Huejutla,https://huejutla.tecnm.mx/
Instituciones-IT,Instituto Tecnológico de Huimanguillo,https://huimanguillo.tecnm.mx/
Instituciones-IT,Instituto Tecnológico de Iguala,http://www.itiguala.edu.mx/
Instituciones-IT,Instituto Tecnológico de Istmo,http://www.itistmo.edu.mx/
Instituciones-IT,Instituto Tecnológico de Iztapalapa,https://www.iztapalapa.tecnm.mx/
Instituciones-IT,Instituto Tecnológico de Iztapalapa II,https://iztapalapa2.tecnm.mx/
Instituciones-IT,Instituto Tecnológico de Iztapalapa III,https://iztapalapa3.tecnm.mx/
Instituciones-IT,Instituto Tecnológico de Jiquilpan,https://www.itjiquilpan.edu.mx/
Instituciones-IT,Instituto Tecnológico de La Chontalpa,http://itchontalpa.edu.mx/
Instituciones-IT,Instituto Tecnológico de La Cuenca del Papaloapan,http://cpapaloapan.tecnm.mx/
Instituciones-IT,Instituto Tecnológico de La Laguna,http://www.itlalaguna.edu.mx/
Instituciones-IT,Instituto Tecnológico de La Paz,http://www.itlp.edu.mx/
Instituciones-IT,Instituto Tecnológico de La Piedad,https://piedad.tecnm.mx/
Instituciones-IT,Instituto Tecnológico de La Zona Maya,http://www.itzonamaya.edu.mx/
Instituciones-IT,Instituto Tecnológico de La Zona Olmeca,https://zolmeca.tecnm.mx/
Instituciones-IT,Instituto Tecnológico de Lázaro Cárdenas,http://web.itlac.mx/
Instituciones-IT,Instituto Tecnológico de León,http://www.itleon.edu.mx/
Instituciones-IT,Instituto Tecnológico de Lerma,https://lerma.tecnm.mx/
Instituciones-IT,Instituto Tecnológico de Linares,http://www.itlinares.edu.mx/
Instituciones-IT,Instituto Tecnológico de Los Mochis,https://www.mochis.tecnm.mx/
Instituciones-IT,Instituto Tecnológico de Matamoros,https://www.matamoros.tecnm.mx/
Instituciones-IT,Instituto Tecnológico de Matehuala,https://matehuala.tecnm.mx/
Instituciones-IT,Instituto Tecnológico de Mazatlán,https://mazatlan.tecnm.mx/
Instituciones-IT,Instituto Tecnológico de Mérida,http://www.itmerida.mx/
Instituciones-IT,Instituto Tecnológico de Mexicali,http://www.itmexicali.edu.mx/
Instituciones-IT,Instituto Tecnológico de Milpa Alta,https://itmilpaalta.edu.mx/
Instituciones-IT,Instituto Tecnológico de Milpa Alta II,https://milpaalta2.tecnm.mx/
Instituciones-IT,Instituto Tecnológico de Minatitlán,https://minatitlan.tecnm.mx/
Instituciones-IT,Instituto Tecnológico de Morelia,http://www.itmorelia.edu.mx/
Instituciones-IT,Instituto Tecnológico de Nogales,http://nogales.tecnm.mx/index.asp
Instituciones-IT,Instituto Tecnológico de Norte de Nayarit,http://itnortedenayarit.edu.mx/
Instituciones-IT,Instituto Tecnológico de Nuevo Laredo,https://nlaredo.tecnm.mx/
Instituciones-IT,Instituto Tecnológico de Nuevo León,http://www.itnl.edu.mx/
Instituciones-IT,Instituto Tecnológico de Oaxaca,http://www.itoaxaca.edu.mx/
Instituciones-IT,Instituto Tecnológico de Ocotlán,https://ocotlan.tecnm.mx/
Instituciones-IT,Instituto Tecnológico de Orizaba,http://orizaba.tecnm.mx/itocc/
Instituciones-IT,Instituto Tecnológico de Pabellón de Arteaga,https://pabellon.tecnm.mx/
Instituciones-IT,Instituto Tecnológico de Pachuca,http://www.itpachuca.edu.mx/
Instituciones-IT,Instituto Tecnológico de Parral,http://www.itparral.edu.mx/
Instituciones-IT,Instituto Tecnológico de Piedras Negras,http://www.piedrasnegras.tecnm.mx/
Instituciones-IT,Instituto Tecnológico de Pinotepa,https://pinotepa.tecnm.mx/
Instituciones-IT,Instituto Tecnológico de Pochutla,https://www.pochutla.tecnm.mx/
Instituciones-IT,Instituto Tecnológico de Puebla,https://www.puebla.tecnm.mx/convocatoria/
Instituciones-IT,Instituto Tecnológico de Querétaro,https://queretaro.tecnm.mx/
Instituciones-IT,Instituto Tecnológico de Reynosa,http://www.tecreynosa.edu.mx/
Instituciones-IT,Instituto Tecnológico de Roque,http://www.itroque.edu.mx/
Instituciones-IT,Instituto Tecnológico de Salina Cruz,http://www.itsalinacruz.edu.mx/
Instituciones-IT,Instituto Tecnológico de Saltillo,http://www.its.mx/
Instituciones-IT,Instituto Tecnológico de San Juan del Rio,http://www.itsanjuan.edu.mx/
Instituciones-IT,Instituto Tecnológico de San Luis Potosí,http://www.itslp.edu.mx/itslp2/
Instituciones-IT,Instituto Tecnológico de San Marcos,http://www.itsmgro.edu.mx/
Instituciones-IT,Instituto Tecnológico de Sinaloa de Leyva,http://itsinaloadeleyva.com.mx/academico
Instituciones-IT,Instituto Tecnológico de Sur De Nayarit,http://www.itsurdenayarit.edu.mx/
Instituciones-IT,Instituto Tecnológico de Tapachula,http://www.portal.ittapachula.edu.mx/
Instituciones-IT,Instituto Tecnológico de Tecomatlán,http://www.itapuebla.edu.mx/
Instituciones-IT,Instituto Tecnológico de Tehuacán,http://www.ittehuacan.edu.mx/
Instituciones-IT,Instituto Tecnológico de Tepic,http://www.ittepic.edu.mx/
Instituciones-IT,Instituto Tecnológico de Tijuana,http://www.tectijuana.mx/
Instituciones-IT,Instituto Tecnológico de Tizimín,http://www.ittizimin.edu.mx/
Instituciones-IT,Instituto Tecnológico de Tláhuac,http://www.ittlahuac.edu.mx/
Instituciones-IT,Instituto Tecnológico de Tláhuac II,http://www.ittlahuac2.edu.mx/
Instituciones-IT,Instituto Tecnológico de Tláhuac III,http://www.ittlahuac3.edu.mx/
Instituciones-IT,Instituto Tecnológico de Tlajomulco,http://www.ittlajomulco.edu.mx/
Instituciones-IT,Instituto Tecnológico de Tlalnepantla,http://www.ittla.edu.mx/
Instituciones-IT,Instituto Tecnológico de Tlalpan,http://www.ittlalpan.edu.mx/
Instituciones-IT,Instituto Tecnológico de Tlaxiaco,http://www.ittlaxiaco.edu.mx/
Instituciones-IT,Instituto Tecnológico de Toluca,http://www.ittoluca.edu.mx/
Instituciones-IT,Instituto Tecnológico de Torreón,http://www.ittorreon.edu.mx/
Instituciones-IT,Instituto Tecnológico de Tuxtepec,http://www.ittux.edu.mx/
Instituciones-IT,Instituto Tecnológico de Tuxtla Gutiérrez,https://www.ittg.edu.mx/
Instituciones-IT,Instituto Tecnológico de Úrsulo Galván,http://www.itursulogalvan.edu.mx/
Instituciones-IT,Instituto Tecnológico de Valle de Morelia,http://www.itvallemorelia.edu.mx/
Instituciones-IT,Instituto Tecnológico de Valle de Oaxaca,http://www.itvalleoaxaca.edu.mx/
Instituciones-IT,Instituto Tecnológico de Valle del Guadiana,http://www.itvalledelguadiana.edu.mx/
Instituciones-IT,Instituto Tecnológico de Valle del Yaqui,http://www.itvalledelyaqui.edu.mx/
Instituciones-IT,Instituto Tecnológico de Veracruz,http://www.itver.edu.mx/
Instituciones-IT,Instituto Tecnológico de Villahermosa,http://www.itvillahermosa.edu.mx/
Instituciones-IT,Instituto Tecnológico de Zacatecas,http://www.itzacatecas.edu.mx/
Instituciones-IT,Instituto Tecnológico de Zacatepec,http://www.itzacatepec.edu.mx/
Instituciones-IT,Instituto Tecnológico de Zitácuaro,http://www.itzitacuaro.edu.mx/
Instituciones-IT,Instituto Tecnológico Superior de Acatlán de Osorio,http://www.itsao.edu.mx/
Instituciones-IT,Instituto Tecnológico Superior de Acayucan,http://www.itsacayucan.edu.mx/
Instituciones-IT,Instituto Tecnológico Superior de Álamo Temapache,http://www.itsalamo.edu.mx/
Instituciones-IT,Instituto Tecnológico Superior de Alvarado,http://www.itsav.edu.mx/
Instituciones-IT,Instituto Tecnológico Superior de Apatzingán,http://www.itsa.edu.mx/
Instituciones-IT,Instituto Tecnológico Superior de Arandas,http://www.tecarandas.edu.mx/
Instituciones-IT,Instituto Tecnológico Superior de Atlixco,http://www.itsatlixco.edu.mx/
Instituciones-IT,Instituto Tecnológico Superior de Cajeme,http://www.itesca.edu.mx/
Instituciones-IT,Instituto Tecnológico Superior de Cananea,http://www.teccan.edu.mx/
Instituciones-IT,Instituto Tecnológico Superior de Centla,http://www.itscentla.edu.mx/
Instituciones-IT,Instituto Tecnológico Superior de Champotón,http://www.itescham.edu.mx/
Instituciones-IT,Instituto Tecnológico Superior de Chapala,http://www.itschapala.edu.mx/
Instituciones-IT,Instituto Tecnológico Superior de Chicontepec,http://www.itschicontepec.edu.mx/
Instituciones-IT,Instituto Tecnológico Superior de Cintalapa,http://www.tecdecintalapa.edu.mx/
Instituciones-IT,Instituto Tecnológico Superior de Ciudad Acuña,http://www.tecnologicodeacuna.edu.mx/
Instituciones-IT,Instituto Tecnológico Superior de Ciudad Constitución,http://www.itscc.edu.mx/
Instituciones-IT,Instituto Tecnológico Superior de Ciudad Hidalgo,http://www.itsch.edu.mx/
Instituciones-IT,Instituto Tecnológico Superior de Ciudad Serdán,http://www.tecserdan.edu.mx/
Instituciones-IT,Tecnológico de Estudios Superiores de Coacalco,https://tesco.occ.com.mx/Bolsa_Trabajo
Instituciones-IT,Instituto Tecnológico Superior de Coalcomán,http://www.itscoalcoman.edu.mx/
Instituciones-IT,Instituto Tecnológico Superior de Coatzacoalcos,http://www.itesco.edu.mx/
Instituciones-IT,Instituto Tecnológico Superior de Cocula,http://www.itscocula.edu.mx/
Instituciones-IT,Instituto Tecnológico Superior de Comalcalco,http://www.itsc.edu.mx/
Instituciones-IT,Instituto Tecnológico Superior de Cosamaloapan,http://www.itsco.edu.mx/
Instituciones-IT,Instituto Tecnológico Superior de Ébano,http://www.tecdeebano.com/
Instituciones-IT,Instituto Tecnológico Superior de El Grullo,http://itselgrullo.edu.mx/
Instituciones-IT,Instituto Tecnológico Superior de El Dorado,http://www.itseldorado.edu.mx/
Instituciones-IT,Instituto Tecnológico Superior de Escárcega,http://www.itsescarcega.edu.mx/
Instituciones-IT,Instituto Tecnológico Superior de Felipe Carrillo Puerto,http://www.itscarrillopuerto.edu.mx/
Instituciones-IT,Instituto Tecnológico Superior de Fresnillo,http://www.itsf.edu.mx/home.php
Instituciones-IT,Instituto Tecnológico Superior de Guanajuato,http://www.itesg.edu.mx/
Instituciones-IT,Instituto Tecnológico Superior de Guasave,http://www.itsguasave.edu.mx/
Instituciones-IT,Instituto Tecnológico Superior de Huatusco,http://www.itshuatusco.edu.mx/
Instituciones-IT,Instituto Tecnológico Superior de Huauchinango,http://www.itsh.edu.mx/
Instituciones-IT,Instituto Tecnológico Superior de Huetamo,http://www.itshuetamo.edu.mx/
Instituciones-IT,Instituto Tecnológico Superior de Huichapan,http://www.iteshu.edu.mx/
Instituciones-IT,Instituto Tecnológico Superior de Irapuato,http://www.itesi.edu.mx/
Instituciones-IT,Instituto Tecnológico Superior de Jerez,http://www.tecjerez.edu.mx/
Instituciones-IT,Instituto Tecnológico Superior de Jesús Carranza,http://www.itsjc.edu.mx/
Instituciones-IT,Instituto Tecnológico Superior de Juan Rodríguez Clara,http://www.itsjuanrodriguezclara.edu.mx/
Instituciones-IT,Instituto Tecnológico Superior de La Costa Chica,http://www.tscch.edu.mx/
Instituciones-IT,Instituto Tecnológico Superior de La Huerta,http://www.itslahuerta.edu.mx/
Instituciones-IT,Instituto Tecnológico Superior de La Montaña,http://www.itsm-tlapa.edu.mx/
Instituciones-IT,Instituto Tecnológico de Estudios Superiores de La Región Carbonífera,http://www.itesrc.edu.mx/
Instituciones-IT,Instituto Tecnológico Superior de La Región de Los Llanos,http://www.itsrll.edu.mx/
Instituciones-IT,Instituto Tecnológico Superior de La Región Sierra,http://www.itss.edu.mx/
Instituciones-IT,Instituto Tecnológico Superior de La Sierra Negra de Ajalpan,http://www.itssna.edu.mx/
Instituciones-IT,Instituto Tecnológico Superior de La Sierra Norte de Puebla,http://www.itssnp.edu.mx/
Instituciones-IT,Instituto Tecnológico Superior de Lagos de Moreno,http://www.teclagos.edu.mx/
Instituciones-IT,Instituto Tecnológico Superior de Las Choapas,http://www.itschoapas.edu.mx/
Instituciones-IT,Instituto Tecnológico Superior de Lerdo,http://www.itslerdo.edu.mx/
Instituciones-IT,Instituto Tecnológico Superior de Libres,http://www.itslibres.edu.mx/
Instituciones-IT,Instituto Tecnológico Superior de Loreto,http://www.itsloreto.edu.mx/
Instituciones-IT,Instituto Tecnológico de Estudios Superiores de Los Cabos,http://www.itesloscabos.edu.mx/
Instituciones-IT,Instituto Tecnológico Superior de Los Reyes,http://www.itslr.edu.mx/
Instituciones-IT,Instituto Tecnológico Superior de Los Ríos,http://www.itsr.edu.mx/
Instituciones-IT,Instituto Tecnológico Superior de Macuspana,http://itsmacuspana.edu.mx/
Instituciones-IT,Instituto Tecnológico Superior de Mante,http://www.itsmante.edu.mx/
Instituciones-IT,Instituto Tecnológico Superior de Martínez de La Torre,http://www.tecmartinez.edu.mx/
Instituciones-IT,Instituto Tecnológico Superior de Mascota,http://www.itsmascota.edu.mx/
Instituciones-IT,Instituto Tecnológico Superior de Misantla,http://www.itsm.edu.mx/
Instituciones-IT,Instituto Tecnológico Superior de Monclova,http://www.itsmva.edu.mx/
Instituciones-IT,Instituto Tecnológico Superior de Motul,http://www.itsmotul.edu.mx/
Instituciones-IT,Instituto Tecnológico Superior de Mulegé,http://www.itesme.edu.mx/
Instituciones-IT,Instituto Tecnológico Superior de Múzquiz,http://www.tecmuzquiz.edu.mx/
Instituciones-IT,Instituto Tecnológico Superior de Naranjos,http://www.itsna.edu.mx/
Instituciones-IT,Instituto Tecnológico Superior de Nochistlán,http://www.itsn.edu.mx/
Instituciones-IT,Instituto Tecnológico Superior de Nuevo Casas Grandes,http://www.itsncg.edu.mx/
Instituciones-IT,Instituto Tecnológico Superior de Occidente del Estado de Hidalgo,http://www.itsoeh.edu.mx/
Instituciones-IT,Instituto Tecnológico Superior de Oriente del Estado de Hidalgo,http://www.itesa.edu.mx/
Instituciones-IT,Instituto Tecnológico Superior de P´Urhépecha,http://its-purhepecha.edu.mx/
Instituciones-IT,Instituto Tecnológico Superior de Pánuco,http://tecnologicodepanuco.com/
Instituciones-IT,Instituto Tecnológico Superior de Pátzcuaro,http://www.itspa.edu.mx/
Instituciones-IT,Instituto Tecnológico Superior de Perote,http://www.itsperote.edu.mx/index/
Instituciones-IT,Instituto Tecnológico Superior de Poza Rica,http://www.itspozarica.edu.mx/
Instituciones-IT,Instituto Tecnológico Superior de Progreso,http://www.itsprogreso.edu.mx/
Instituciones-IT,Instituto Tecnológico Superior de Puerto Peñasco,http://www.itspp.edu.mx/
Instituciones-IT,Instituto Tecnológico Superior de Puerto Vallarta,http://www.tecvallarta.edu.mx/
Instituciones-IT,Instituto Tecnológico Superior de Puruándiro,http://www.tecpuruandiro.edu.mx/
Instituciones-IT,Instituto Tecnológico Superior de Rioverde,http://www.itsrv.edu.mx/
Instituciones-IT,Instituto Tecnológico Superior de Salvatierra,http://itess.edu.mx/
Instituciones-IT,Instituto Tecnológico Superior de San Andrés Tuxtla,http://www.itssat.edu.mx/
Instituciones-IT,"Instituto Tecnológico Superior de San Luis Potosí, Capital",http://www.tecsuperiorslp.edu.mx/
Instituciones-IT,Instituto Tecnológico Superior de San Martín Texmelucan,http://www.itssmt.edu.mx/
Instituciones-IT,Instituto Tecnológico Superior de San Miguel el Grande,http://www.itsmigra.edu.mx/
Instituciones-IT,Instituto Tecnológico Superior de San Pedro de las Colonias,http://www.tecsanpedro.edu.mx/web/
Instituciones-IT,Instituto Tecnológico Superior de Santa María de El Oro,http://www.itssmo.edu.mx/
Instituciones-IT,Instituto Tecnológico Superior de Santiago Papasquiaro,http://www.itsantiago.edu.mx/
Instituciones-IT,Instituto Tecnológico Superior de Sur de Guanajuato,http://www.itsur.edu.mx/
Instituciones-IT,Instituto Tecnológico Superior de Sur del Estado de Yucatán,http://www.itsyucatan.edu.mx/
Instituciones-IT,Instituto Tecnológico Superior de Tacámbaro,http://www.itstacambaro.edu.mx/
Instituciones-IT,Instituto Tecnológico Superior de Tala,http://www.itstala.edu.mx/
Instituciones-IT,Instituto Tecnológico Superior de Tamazula de Gordiano,http://www.tectamazula.mx/w/
Instituciones-IT,Instituto Tecnológico Superior de Tamazunchale,http://tectamazunchale.edu.mx/itstmz/
Instituciones-IT,Instituto Tecnológico Superior de Tantoyuca,http://www.itsta.edu.mx/
Instituciones-IT,Instituto Tecnológico Superior de Tepeaca,http://www.itstepeaca.edu.mx/
Instituciones-IT,Instituto Tecnológico Superior de Tepexi de Rodríguez,http://www.itstepexi.edu.mx/
Instituciones-IT,Instituto Tecnológico Superior de Teposcolula,http://www.itsteposcolula.edu.mx/
Instituciones-IT,Instituto Tecnológico Superior de Tequila,http://www.itstequila.edu.mx/
Instituciones-IT,Instituto Tecnológico Superior de Teziutlán,http://www.itsteziutlan.edu.mx/
Instituciones-IT,Instituto Tecnológico Superior de Tierra Blanca,http://www.itstb.edu.mx/
Instituciones-IT,Instituto Tecnológico Superior de Tlaxco,http://www.itstlaxco.edu.mx/
Instituciones-IT,Instituto Tecnológico Superior de Uruapan,http://www.tecuruapan.edu.mx/
Instituciones-IT,Instituto Tecnológico Superior de Valladolid,http://www.itsva.edu.mx/
Instituciones-IT,Instituto Tecnológico Superior de Venustiano Carranza,http://www.itsvc.edu.mx/
Instituciones-IT,Instituto Tecnológico Superior de Villa La Venta,http://www.itslv.edu.mx/
Instituciones-IT,Instituto Tecnológico Superior de Xalapa,http://www.itsx.edu.mx/
Instituciones-IT,Instituto Tecnológico Superior de Zacapoaxtla,http://www.itsz.edu.mx/
Instituciones-IT,Instituto Tecnológico Superior de Zacatecas Norte,http://www.itszn.edu.mx/
Instituciones-IT,Instituto Tecnológico Superior de Zacatecas Occidente,https://itszo.mx/
Instituciones-IT,Instituto Tecnológico Superior de Zacatecas Sur,http://www.itszas.edu.mx/
Instituciones-IT,Instituto Tecnológico de Estudios Superiores de Zamora,http://www.teczamora.mx/
Instituciones-IT,Instituto Tecnológico Superior de Zapopan,http://www.itszapopan.edu.mx/
Instituciones-IT,Instituto Tecnológico Superior de Zapotlanejo,http://www.itszapotlanejo.edu.mx/
Instituciones-IT,Instituto Tecnológico Superior de Zongolica,http://www.itszongolica.edu.mx/
Instituciones-IT,Tecnológico de Estudios Superiores de Chalco,http://tesch.edu.mx/
Instituciones-IT,Tecnológico de Estudios Superiores de Chimalhuacán,http://www.teschi.edu.mx/
Instituciones-IT,Tecnológico de Estudios Superiores de Cuautitlán Izcalli,http://www.tesci.edu.mx/
Instituciones-IT,Tecnológico de Estudios Superiores de Ecatepec,http://www.tese.edu.mx/
Instituciones-IT,Tecnológico de Estudios Superiores de Huixquilucan,http://www.tesh.edu.mx/
Instituciones-IT,Tecnológico de Estudios Superiores de Ixtapaluca,http://tesi.org.mx/
Instituciones-IT,Tecnológico de Estudios Superiores de Jilotepec,http://www.tesji.edu.mx/
Instituciones-IT,Plataforma Nacional de Transparencia,https://consultapublicamx.inai.org.mx/vut-web/
Instituciones-UPN,Plataforma Nacional de Transparencia,https://consultapublicamx.inai.org.mx/vut-web/
Instituciones-UnADM,Plataforma Nacional de Transparencia,https://consultapublicamx.inai.org.mx/vut-web/
Instituciones-ENP,Plataforma Nacional de Transparencia,https://consultapublicamx.inai.org.mx/vut-web/
Instituciones-CPI,Plataforma Nacional de Transparencia,https://consultapublicamx.inai.org.mx/vut-web/
Instituciones-Otras,Escuela Superior de Guerra,http://www.escuelasuperiordeguerra.iese.edu.ar/
Instituciones-Otras,Dirección General Adjunta de Educación Naval de La Secretaria de Marina,http://www.digaden.edu.mx/pagina%20principal/index_pagina_principal.htm
Instituciones-Otras,Heroica Escuela Naval Militar,http://www.henm.edu.mx/
Instituciones-Otras,Instituto de Investigaciones y Capacitación Electoral,http://www.iice.edu.mx/instituto/
Instituciones-Otras,Escuela Judicial del Estado de Campeche,http://ifaj.edu.mx/sitio2/
Instituciones-Otras,Instituto de Formación e Investigaciones Jurídicas de Michoacán,http://ifijum.com/
Instituciones-Otras,Instituto de Transparencia e Información Pública de Jalisco,http://www.itei.org.mx/splash/10-informe-de-actividades-itei/
Instituciones-Otras,Instituto Superior de Ciencias para la Seguridad y Policiales,http://dges.com.mx/dges/ies.php?i=ISCSP
Instituciones-Otras,Instituto Potosino de Bellas Artes,http://www.institutopotosinodebellasartes.com/
Instituciones-Otras,"Instituto de Cultura, Turismo y Arte de Mazatlán",http://www.culturamazatlan.com/
Instituciones-Otras,Instituto Superior de Música del Estado de Veracruz,http://www.ismev.edu.mx/
Instituciones-Otras,Escuela Superior de Música y Danza de Monterrey,http://esmdm.edu.mx/
Instituciones-Otras,Escuela de Música del Estado de Hidalgo,http://www.emeh.edu.mx/
Instituciones-Otras,Escuela Superior de Artes de Yucatán,http://www.esay.edu.mx/
Instituciones-Otras,Centro Morelense de Las Artes,http://www.cmamorelos.edu.mx/
Instituciones-Otras,Conservatorio de Música del Estado de Puebla,http://www.consermuspue.edu.mx/
Instituciones-Otras,Instituto de Artes Visuales del Estado de Puebla,http://www.artesvisualespuebla.mx/
Instituciones-Otras,Escuela de Conservación y Restauración de Occidente,http://www.ecro.edu.mx/
Instituciones-Otras,Instituto Nacional de Cardiología Dr. Ignacio Chávez,https://www.cardiologia.org.mx/
Instituciones-Otras,Hospital Infantil de México Federico Gómez,http://www.himfg.edu.mx/
Instituciones-Otras,Colegio Superior de Odontología,http://csoh.edu.mx/
Instituciones-Otras,Escuela de Enfermería Beatriz González Ortega,http://beatrizgonzalezortega.edu.mx/
Instituciones-Otras,Instituto Nacional de Salud Pública,http://www.insp.mx/
Instituciones-Otras,Instituto Mexicano del Seguro Social Hermosillo,http://escuelaimsshermosillo.com/
Instituciones-Otras,Instituto Nacional de Perinatología Isidro Espinosa de Los Reyes,http://www.inper.edu.mx/
Instituciones-Otras,Instituto de Posgrado en Psicoterapia Cognitivo-Conductual,http://www.tcognitiva.org/
Instituciones-Otras,Centro de Cooperación Regional para la Educación de Adultos en América Latina y el Caribe,http://www.crefal.edu.mx/crefal25/
Instituciones-Otras,Escuela Nacional de Antropología e Historia,http://www.enah.edu.mx/
Instituciones-Otras,Escuela Superior de Deportes,http://esude.com.mx/
Instituciones-Otras,Universidad Autónoma de La Ciudad de México,http://www.uacm.edu.mx/uacm/es-es/uacm.aspx
Instituciones-Otras,Instituto Mexicano del Petróleo,http://www.imp.mx/
Instituciones-Otras,"División de Estudios Superiores del Instituto ""18 de Marzo""",http://www.dies8.edu.mx/portal/
Instituciones-Otras,Universidad Pedagógica de Durango,http://www.upd.edu.mx/
Instituciones-Otras,Universidad Virtual del Estado de Guanajuato,http://www.uveg.edu.mx/index.php/es/
Instituciones-Otras,Centro Metropolitano de Arquitectura Sustentable,http://www.cmas.org.mx/
Instituciones-Otras,Instituto Superior de Investigación y Docencia para El Magisterio,http://www.isidm.com.mx/
Instituciones-Otras,Centro de Enseñanza Técnica Industrial,http://www.ceti.mx/
Instituciones-Otras,Instituto Consorcio Clavijero,http://www.clavijero.edu.mx/
Instituciones-Otras,Universidad Pedagógica de Yucatán,http://upnmda.edu.mx/
Instituciones-Otras,"Centro de Capacitación Cinematográfica, A.C.",http://www.elccc.com.mx/sitio/
Instituciones-Otras,Centro Chihuahuense de Estudios de Posgrado,http://www.cchep.edu.mx/
Instituciones-Otras,"Instituto de Investigación, Innovación y Estudios de Posgrado para la Educación",http://www.iiiepe.edu.mx/
Instituciones-Otras,El Colegio de Chihuahua,http://www.colech.edu.mx/
Instituciones-Otras,El Colegio del Estado de Hidalgo,http://www.elcolegiodehidalgo.edu.mx/
Instituciones-Otras,El Colegio de Jalisco,http://coljal.edu.mx/
Instituciones-Otras,El Colegio Mexiquense,http://www.cmq.edu.mx/
Instituciones-Otras,Colegio de Postgraduados,http://www.colpos.mx/wb/
Instituciones-Otras,El Colegio de Puebla,http://colpue.edu.mx/
Instituciones-Otras,Colegio de Postgraduados - Campus Tabasco,http://www.colpos.mx/web11/index.php/campus-tabasco
Instituciones-Otras,El Colegio de Veracruz,http://www.colver.edu.mx/
Instituciones-Otras,Colegio de Postgraduados - Campus Veracruz,http://www.colpos.mx/web11/index.php/campus-veracruz
Instituciones-Otras,Plataforma Nacional de Transparencia,https://consultapublicamx.inai.org.mx/vut-web/
